Date,maxtempC,mintempC,tempC,Day,Month,Year
01/03/2014,26,16,26,1,3,2014
02/03/2014,26,19,26,2,3,2014
03/03/2014,26,20,26,3,3,2014
04/03/2014,28,19,28,4,3,2014
05/03/2014,27,20,27,5,3,2014
06/03/2014,29,20,29,6,3,2014
07/03/2014,30,21,30,7,3,2014
08/03/2014,31,22,31,8,3,2014
09/03/2014,31,23,31,9,3,2014
10/03/2014,30,22,30,10,3,2014
11/03/2014,29,23,29,11,3,2014
12/03/2014,30,20,30,12,3,2014
13/03/2014,30,21,30,13,3,2014
14/03/2014,31,22,31,14,3,2014
15/03/2014,31,22,31,15,3,2014
16/03/2014,30,21,30,16,3,2014
17/03/2014,28,22,28,17,3,2014
18/03/2014,31,21,31,18,3,2014
19/03/2014,31,21,31,19,3,2014
20/03/2014,29,21,29,20,3,2014
21/03/2014,28,22,28,21,3,2014
22/03/2014,31,22,31,22,3,2014
23/03/2014,30,23,30,23,3,2014
24/03/2014,34,23,34,24,3,2014
25/03/2014,34,23,34,25,3,2014
26/03/2014,35,24,35,26,3,2014
27/03/2014,31,25,31,27,3,2014
28/03/2014,30,24,30,28,3,2014
29/03/2014,29,23,29,29,3,2014
30/03/2014,32,23,32,30,3,2014
31/03/2014,32,23,32,31,3,2014
01/04/2014,31,23,31,1,4,2014
02/04/2014,30,24,30,2,4,2014
03/04/2014,32,24,32,3,4,2014
04/04/2014,33,23,33,4,4,2014
05/04/2014,31,23,31,5,4,2014
06/04/2014,34,25,34,6,4,2014
07/04/2014,34,24,34,7,4,2014
08/04/2014,34,23,34,8,4,2014
09/04/2014,33,22,33,9,4,2014
10/04/2014,33,23,33,10,4,2014
11/04/2014,32,24,32,11,4,2014
12/04/2014,31,23,31,12,4,2014
13/04/2014,31,24,31,13,4,2014
14/04/2014,33,24,33,14,4,2014
15/04/2014,34,25,34,15,4,2014
16/04/2014,33,25,33,16,4,2014
17/04/2014,32,25,32,17,4,2014
18/04/2014,32,25,32,18,4,2014
19/04/2014,33,25,33,19,4,2014
20/04/2014,34,24,34,20,4,2014
21/04/2014,34,26,34,21,4,2014
22/04/2014,34,27,34,22,4,2014
23/04/2014,35,27,35,23,4,2014
24/04/2014,33,25,33,24,4,2014
25/04/2014,33,26,33,25,4,2014
26/04/2014,35,26,35,26,4,2014
27/04/2014,37,27,37,27,4,2014
28/04/2014,37,27,37,28,4,2014
29/04/2014,35,27,35,29,4,2014
30/04/2014,34,27,34,30,4,2014
01/05/2014,34,27,34,1,5,2014
02/05/2014,34,26,34,2,5,2014
03/05/2014,34,26,34,3,5,2014
04/05/2014,35,27,35,4,5,2014
05/05/2014,36,27,36,5,5,2014
06/05/2014,38,27,38,6,5,2014
07/05/2014,37,28,37,7,5,2014
08/05/2014,36,27,36,8,5,2014
09/05/2014,37,27,37,9,5,2014
10/05/2014,35,28,35,10,5,2014
11/05/2014,33,27,33,11,5,2014
12/05/2014,32,28,32,12,5,2014
13/05/2014,33,28,33,13,5,2014
14/05/2014,33,28,33,14,5,2014
15/05/2014,31,28,31,15,5,2014
16/05/2014,33,28,33,16,5,2014
17/05/2014,33,28,33,17,5,2014
18/05/2014,33,26,33,18,5,2014
19/05/2014,33,27,33,19,5,2014
20/05/2014,34,27,34,20,5,2014
21/05/2014,35,27,35,21,5,2014
22/05/2014,34,28,34,22,5,2014
23/05/2014,36,28,36,23,5,2014
24/05/2014,38,28,38,24,5,2014
25/05/2014,38,29,38,25,5,2014
26/05/2014,38,28,38,26,5,2014
27/05/2014,38,28,38,27,5,2014
28/05/2014,35,28,35,28,5,2014
29/05/2014,33,28,33,29,5,2014
30/05/2014,33,28,33,30,5,2014
31/05/2014,34,28,34,31,5,2014
01/06/2014,35,28,35,1,6,2014
02/06/2014,36,28,36,2,6,2014
03/06/2014,37,29,37,3,6,2014
04/06/2014,37,29,37,4,6,2014
05/06/2014,39,30,39,5,6,2014
06/06/2014,37,29,37,6,6,2014
07/06/2014,37,28,37,7,6,2014
08/06/2014,43,29,43,8,6,2014
09/06/2014,37,29,37,9,6,2014
10/06/2014,34,28,34,10,6,2014
11/06/2014,35,28,35,11,6,2014
12/06/2014,35,30,35,12,6,2014
13/06/2014,35,30,35,13,6,2014
14/06/2014,36,30,36,14,6,2014
15/06/2014,35,30,35,15,6,2014
16/06/2014,34,29,34,16,6,2014
17/06/2014,34,29,34,17,6,2014
18/06/2014,34,30,34,18,6,2014
19/06/2014,36,29,36,19,6,2014
20/06/2014,35,29,35,20,6,2014
21/06/2014,35,31,35,21,6,2014
22/06/2014,34,30,34,22,6,2014
23/06/2014,34,30,34,23,6,2014
24/06/2014,34,30,34,24,6,2014
25/06/2014,33,30,33,25,6,2014
26/06/2014,34,30,34,26,6,2014
27/06/2014,34,30,34,27,6,2014
28/06/2014,33,29,33,28,6,2014
29/06/2014,32,29,32,29,6,2014
30/06/2014,32,29,32,30,6,2014
01/07/2014,32,29,32,1,7,2014
02/07/2014,33,29,33,2,7,2014
03/07/2014,32,29,32,3,7,2014
04/07/2014,31,29,31,4,7,2014
05/07/2014,32,29,32,5,7,2014
06/07/2014,32,28,32,6,7,2014
07/07/2014,32,29,32,7,7,2014
08/07/2014,32,29,32,8,7,2014
09/07/2014,33,29,33,9,7,2014
10/07/2014,33,29,33,10,7,2014
11/07/2014,33,29,33,11,7,2014
12/07/2014,33,29,33,12,7,2014
13/07/2014,34,29,34,13,7,2014
14/07/2014,34,29,34,14,7,2014
15/07/2014,34,29,34,15,7,2014
16/07/2014,34,29,34,16,7,2014
17/07/2014,34,29,34,17,7,2014
18/07/2014,33,29,33,18,7,2014
19/07/2014,33,29,33,19,7,2014
20/07/2014,32,29,32,20,7,2014
21/07/2014,33,29,33,21,7,2014
22/07/2014,33,29,33,22,7,2014
23/07/2014,33,28,33,23,7,2014
24/07/2014,31,29,31,24,7,2014
25/07/2014,31,29,31,25,7,2014
26/07/2014,32,29,32,26,7,2014
27/07/2014,33,29,33,27,7,2014
28/07/2014,33,29,33,28,7,2014
29/07/2014,33,29,33,29,7,2014
30/07/2014,33,29,33,30,7,2014
31/07/2014,34,28,34,31,7,2014
01/08/2014,32,28,32,1,8,2014
02/08/2014,29,27,29,2,8,2014
03/08/2014,29,27,29,3,8,2014
04/08/2014,30,27,30,4,8,2014
05/08/2014,30,27,30,5,8,2014
06/08/2014,31,27,31,6,8,2014
07/08/2014,30,27,30,7,8,2014
08/08/2014,30,27,30,8,8,2014
09/08/2014,32,27,32,9,8,2014
10/08/2014,32,27,32,10,8,2014
11/08/2014,31,27,31,11,8,2014
12/08/2014,31,27,31,12,8,2014
13/08/2014,31,27,31,13,8,2014
14/08/2014,31,28,31,14,8,2014
15/08/2014,29,28,29,15,8,2014
16/08/2014,31,28,31,16,8,2014
17/08/2014,32,28,32,17,8,2014
18/08/2014,31,27,31,18,8,2014
19/08/2014,30,27,30,19,8,2014
20/08/2014,31,27,31,20,8,2014
21/08/2014,31,27,31,21,8,2014
22/08/2014,30,27,30,22,8,2014
23/08/2014,30,27,30,23,8,2014
24/08/2014,31,27,31,24,8,2014
25/08/2014,31,27,31,25,8,2014
26/08/2014,31,27,31,26,8,2014
27/08/2014,31,28,31,27,8,2014
28/08/2014,33,27,33,28,8,2014
29/08/2014,34,28,34,29,8,2014
30/08/2014,34,28,34,30,8,2014
31/08/2014,35,28,35,31,8,2014
01/09/2014,36,29,36,1,9,2014
02/09/2014,38,30,38,2,9,2014
03/09/2014,38,31,38,3,9,2014
04/09/2014,33,28,33,4,9,2014
05/09/2014,31,28,31,5,9,2014
06/09/2014,31,27,31,6,9,2014
07/09/2014,32,27,32,7,9,2014
08/09/2014,33,27,33,8,9,2014
09/09/2014,31,27,31,9,9,2014
10/09/2014,30,27,30,10,9,2014
11/09/2014,31,27,31,11,9,2014
12/09/2014,31,27,31,12,9,2014
13/09/2014,33,27,33,13,9,2014
14/09/2014,31,27,31,14,9,2014
15/09/2014,31,26,31,15,9,2014
16/09/2014,31,26,31,16,9,2014
17/09/2014,31,27,31,17,9,2014
18/09/2014,31,26,31,18,9,2014
19/09/2014,31,26,31,19,9,2014
20/09/2014,30,27,30,20,9,2014
21/09/2014,30,27,30,21,9,2014
22/09/2014,31,27,31,22,9,2014
23/09/2014,30,27,30,23,9,2014
24/09/2014,30,27,30,24,9,2014
25/09/2014,31,27,31,25,9,2014
26/09/2014,31,27,31,26,9,2014
27/09/2014,31,26,31,27,9,2014
28/09/2014,31,26,31,28,9,2014
29/09/2014,31,26,31,29,9,2014
30/09/2014,31,26,31,30,9,2014
01/10/2014,31,26,31,1,10,2014
02/10/2014,32,25,32,2,10,2014
03/10/2014,32,25,32,3,10,2014
04/10/2014,32,26,32,4,10,2014
05/10/2014,31,26,31,5,10,2014
06/10/2014,32,26,32,6,10,2014
07/10/2014,32,26,32,7,10,2014
08/10/2014,32,25,32,8,10,2014
09/10/2014,34,25,34,9,10,2014
10/10/2014,36,27,36,10,10,2014
11/10/2014,36,28,36,11,10,2014
12/10/2014,37,27,37,12,10,2014
13/10/2014,36,27,36,13,10,2014
14/10/2014,35,27,35,14,10,2014
15/10/2014,33,26,33,15,10,2014
16/10/2014,34,25,34,16,10,2014
17/10/2014,33,25,33,17,10,2014
18/10/2014,33,25,33,18,10,2014
19/10/2014,33,25,33,19,10,2014
20/10/2014,34,25,34,20,10,2014
21/10/2014,35,25,35,21,10,2014
22/10/2014,34,26,34,22,10,2014
23/10/2014,34,25,34,23,10,2014
24/10/2014,33,25,33,24,10,2014
25/10/2014,34,25,34,25,10,2014
26/10/2014,35,27,35,26,10,2014
27/10/2014,34,26,34,27,10,2014
28/10/2014,33,26,33,28,10,2014
29/10/2014,32,26,32,29,10,2014
30/10/2014,32,26,32,30,10,2014
31/10/2014,34,27,34,31,10,2014
01/11/2014,32,27,32,1,11,2014
02/11/2014,32,27,32,2,11,2014
03/11/2014,30,26,30,3,11,2014
04/11/2014,30,25,30,4,11,2014
05/11/2014,30,25,30,5,11,2014
06/11/2014,30,24,30,6,11,2014
07/11/2014,33,25,33,7,11,2014
08/11/2014,32,26,32,8,11,2014
09/11/2014,32,25,32,9,11,2014
10/11/2014,31,24,31,10,11,2014
11/11/2014,31,23,31,11,11,2014
12/11/2014,32,24,32,12,11,2014
13/11/2014,32,25,32,13,11,2014
14/11/2014,32,25,32,14,11,2014
15/11/2014,31,23,31,15,11,2014
16/11/2014,31,22,31,16,11,2014
17/11/2014,31,23,31,17,11,2014
18/11/2014,31,23,31,18,11,2014
19/11/2014,31,23,31,19,11,2014
20/11/2014,30,24,30,20,11,2014
21/11/2014,30,23,30,21,11,2014
22/11/2014,30,23,30,22,11,2014
23/11/2014,30,21,30,23,11,2014
24/11/2014,30,22,30,24,11,2014
25/11/2014,30,21,30,25,11,2014
26/11/2014,30,22,30,26,11,2014
27/11/2014,30,24,30,27,11,2014
28/11/2014,29,23,29,28,11,2014
29/11/2014,29,22,29,29,11,2014
30/11/2014,29,23,29,30,11,2014
01/12/2014,30,22,30,1,12,2014
02/12/2014,29,21,29,2,12,2014
03/12/2014,29,22,29,3,12,2014
04/12/2014,29,22,29,4,12,2014
05/12/2014,30,22,30,5,12,2014
06/12/2014,30,22,30,6,12,2014
07/12/2014,29,21,29,7,12,2014
08/12/2014,29,20,29,8,12,2014
09/12/2014,28,19,28,9,12,2014
10/12/2014,27,20,27,10,12,2014
11/12/2014,26,18,26,11,12,2014
12/12/2014,27,18,27,12,12,2014
13/12/2014,25,18,25,13,12,2014
14/12/2014,25,17,25,14,12,2014
15/12/2014,25,17,25,15,12,2014
16/12/2014,26,17,26,16,12,2014
17/12/2014,25,18,25,17,12,2014
18/12/2014,25,17,25,18,12,2014
19/12/2014,26,19,26,19,12,2014
20/12/2014,26,18,26,20,12,2014
21/12/2014,25,17,25,21,12,2014
22/12/2014,24,18,24,22,12,2014
23/12/2014,25,20,25,23,12,2014
24/12/2014,25,17,25,24,12,2014
25/12/2014,26,18,26,25,12,2014
26/12/2014,27,19,27,26,12,2014
27/12/2014,25,17,25,27,12,2014
28/12/2014,25,17,25,28,12,2014
29/12/2014,25,17,25,29,12,2014
30/12/2014,24,17,24,30,12,2014
31/12/2014,25,16,25,31,12,2014
01/01/2015,24,15,24,1,1,2015
02/01/2015,25,16,25,2,1,2015
03/01/2015,25,17,25,3,1,2015
04/01/2015,26,17,26,4,1,2015
05/01/2015,26,18,26,5,1,2015
06/01/2015,25,19,25,6,1,2015
07/01/2015,27,20,27,7,1,2015
08/01/2015,27,19,27,8,1,2015
09/01/2015,26,18,26,9,1,2015
10/01/2015,27,18,27,10,1,2015
11/01/2015,27,18,27,11,1,2015
12/01/2015,26,20,26,12,1,2015
13/01/2015,28,21,28,13,1,2015
14/01/2015,26,18,26,14,1,2015
15/01/2015,25,16,25,15,1,2015
16/01/2015,25,16,25,16,1,2015
17/01/2015,24,16,24,17,1,2015
18/01/2015,24,16,24,18,1,2015
19/01/2015,25,17,25,19,1,2015
20/01/2015,23,17,23,20,1,2015
21/01/2015,22,17,22,21,1,2015
22/01/2015,24,18,24,22,1,2015
23/01/2015,23,17,23,23,1,2015
24/01/2015,23,16,23,24,1,2015
25/01/2015,23,17,23,25,1,2015
26/01/2015,23,17,23,26,1,2015
27/01/2015,23,17,23,27,1,2015
28/01/2015,23,15,23,28,1,2015
29/01/2015,24,16,24,29,1,2015
30/01/2015,26,18,26,30,1,2015
31/01/2015,25,19,25,31,1,2015
01/02/2015,26,21,26,1,2,2015
02/02/2015,27,21,27,2,2,2015
03/02/2015,26,18,26,3,2,2015
04/02/2015,27,19,27,4,2,2015
05/02/2015,27,19,27,5,2,2015
06/02/2015,26,19,26,6,2,2015
07/02/2015,25,20,25,7,2,2015
08/02/2015,25,19,25,8,2,2015
09/02/2015,26,19,26,9,2,2015
10/02/2015,27,19,27,10,2,2015
11/02/2015,27,20,27,11,2,2015
12/02/2015,29,20,29,12,2,2015
13/02/2015,28,21,28,13,2,2015
14/02/2015,29,22,29,14,2,2015
15/02/2015,29,22,29,15,2,2015
16/02/2015,30,22,30,16,2,2015
17/02/2015,31,23,31,17,2,2015
18/02/2015,30,22,30,18,2,2015
19/02/2015,30,22,30,19,2,2015
20/02/2015,31,22,31,20,2,2015
21/02/2015,32,23,32,21,2,2015
22/02/2015,32,24,32,22,2,2015
23/02/2015,30,24,30,23,2,2015
24/02/2015,27,22,27,24,2,2015
25/02/2015,25,19,25,25,2,2015
26/02/2015,25,18,25,26,2,2015
27/02/2015,26,19,26,27,2,2015
28/02/2015,22,18,22,28,2,2015
01/03/2015,23,16,23,1,3,2015
02/03/2015,25,18,25,2,3,2015
03/03/2015,26,20,26,3,3,2015
04/03/2015,25,20,25,4,3,2015
05/03/2015,26,21,26,5,3,2015
06/03/2015,29,21,29,6,3,2015
07/03/2015,28,22,28,7,3,2015
08/03/2015,29,21,29,8,3,2015
09/03/2015,29,21,29,9,3,2015
10/03/2015,25,21,25,10,3,2015
11/03/2015,30,21,30,11,3,2015
12/03/2015,31,21,31,12,3,2015
13/03/2015,31,21,31,13,3,2015
14/03/2015,32,22,32,14,3,2015
15/03/2015,33,22,33,15,3,2015
16/03/2015,32,22,32,16,3,2015
17/03/2015,32,22,32,17,3,2015
18/03/2015,32,23,32,18,3,2015
19/03/2015,29,25,29,19,3,2015
20/03/2015,32,24,32,20,3,2015
21/03/2015,34,25,34,21,3,2015
22/03/2015,36,27,36,22,3,2015
23/03/2015,36,26,36,23,3,2015
24/03/2015,35,25,35,24,3,2015
25/03/2015,36,25,36,25,3,2015
26/03/2015,38,28,38,26,3,2015
27/03/2015,37,27,37,27,3,2015
28/03/2015,35,27,35,28,3,2015
29/03/2015,35,27,35,29,3,2015
30/03/2015,34,25,34,30,3,2015
31/03/2015,32,24,32,31,3,2015
01/04/2015,31,25,31,1,4,2015
02/04/2015,32,25,32,2,4,2015
03/04/2015,30,25,30,3,4,2015
04/04/2015,31,24,31,4,4,2015
05/04/2015,31,24,31,5,4,2015
06/04/2015,33,24,33,6,4,2015
07/04/2015,35,25,35,7,4,2015
08/04/2015,36,25,36,8,4,2015
09/04/2015,36,27,36,9,4,2015
10/04/2015,36,28,36,10,4,2015
11/04/2015,34,26,34,11,4,2015
12/04/2015,35,26,35,12,4,2015
13/04/2015,35,25,35,13,4,2015
14/04/2015,35,25,35,14,4,2015
15/04/2015,35,25,35,15,4,2015
16/04/2015,38,27,38,16,4,2015
17/04/2015,36,28,36,17,4,2015
18/04/2015,36,28,36,18,4,2015
19/04/2015,36,28,36,19,4,2015
20/04/2015,38,28,38,20,4,2015
21/04/2015,38,28,38,21,4,2015
22/04/2015,36,27,36,22,4,2015
23/04/2015,35,27,35,23,4,2015
24/04/2015,36,27,36,24,4,2015
25/04/2015,35,27,35,25,4,2015
26/04/2015,36,27,36,26,4,2015
27/04/2015,36,27,36,27,4,2015
28/04/2015,36,26,36,28,4,2015
29/04/2015,37,27,37,29,4,2015
30/04/2015,39,27,39,30,4,2015
01/05/2015,41,30,41,1,5,2015
02/05/2015,39,29,39,2,5,2015
03/05/2015,36,28,36,3,5,2015
04/05/2015,36,27,36,4,5,2015
05/05/2015,36,27,36,5,5,2015
06/05/2015,35,27,35,6,5,2015
07/05/2015,35,27,35,7,5,2015
08/05/2015,35,28,35,8,5,2015
09/05/2015,34,27,34,9,5,2015
10/05/2015,35,27,35,10,5,2015
11/05/2015,36,28,36,11,5,2015
12/05/2015,38,29,38,12,5,2015
13/05/2015,38,28,38,13,5,2015
14/05/2015,38,28,38,14,5,2015
15/05/2015,36,27,36,15,5,2015
16/05/2015,36,28,36,16,5,2015
17/05/2015,36,28,36,17,5,2015
18/05/2015,36,28,36,18,5,2015
19/05/2015,36,28,36,19,5,2015
20/05/2015,37,28,37,20,5,2015
21/05/2015,38,29,38,21,5,2015
22/05/2015,37,29,37,22,5,2015
23/05/2015,37,29,37,23,5,2015
24/05/2015,37,29,37,24,5,2015
25/05/2015,36,28,36,25,5,2015
26/05/2015,35,29,35,26,5,2015
27/05/2015,36,28,36,27,5,2015
28/05/2015,37,29,37,28,5,2015
29/05/2015,37,28,37,29,5,2015
30/05/2015,36,28,36,30,5,2015
31/05/2015,38,29,38,31,5,2015
01/06/2015,39,28,39,1,6,2015
02/06/2015,40,28,40,2,6,2015
03/06/2015,35,29,35,3,6,2015
04/06/2015,36,28,36,4,6,2015
05/06/2015,37,29,37,5,6,2015
06/06/2015,35,28,35,6,6,2015
07/06/2015,36,28,36,7,6,2015
08/06/2015,36,28,36,8,6,2015
09/06/2015,34,30,34,9,6,2015
10/06/2015,35,29,35,10,6,2015
11/06/2015,35,29,35,11,6,2015
12/06/2015,35,29,35,12,6,2015
13/06/2015,35,29,35,13,6,2015
14/06/2015,35,29,35,14,6,2015
15/06/2015,33,29,33,15,6,2015
16/06/2015,35,29,35,16,6,2015
17/06/2015,37,29,37,17,6,2015
18/06/2015,38,30,38,18,6,2015
19/06/2015,40,31,40,19,6,2015
20/06/2015,41,33,41,20,6,2015
21/06/2015,41,34,41,21,6,2015
22/06/2015,40,35,40,22,6,2015
23/06/2015,38,32,38,23,6,2015
24/06/2015,36,30,36,24,6,2015
25/06/2015,36,29,36,25,6,2015
26/06/2015,36,29,36,26,6,2015
27/06/2015,36,30,36,27,6,2015
28/06/2015,37,30,37,28,6,2015
29/06/2015,36,30,36,29,6,2015
30/06/2015,35,30,35,30,6,2015
01/07/2015,34,29,34,1,7,2015
02/07/2015,33,29,33,2,7,2015
03/07/2015,34,29,34,3,7,2015
04/07/2015,32,29,32,4,7,2015
05/07/2015,34,29,34,5,7,2015
06/07/2015,33,29,33,6,7,2015
07/07/2015,35,29,35,7,7,2015
08/07/2015,30,29,30,8,7,2015
09/07/2015,32,28,32,9,7,2015
10/07/2015,33,28,33,10,7,2015
11/07/2015,32,28,32,11,7,2015
12/07/2015,32,29,32,12,7,2015
13/07/2015,32,28,32,13,7,2015
14/07/2015,32,28,32,14,7,2015
15/07/2015,32,28,32,15,7,2015
16/07/2015,34,29,34,16,7,2015
17/07/2015,33,28,33,17,7,2015
18/07/2015,33,29,33,18,7,2015
19/07/2015,33,29,33,19,7,2015
20/07/2015,33,29,33,20,7,2015
21/07/2015,34,29,34,21,7,2015
22/07/2015,33,29,33,22,7,2015
23/07/2015,35,29,35,23,7,2015
24/07/2015,31,28,31,24,7,2015
25/07/2015,33,28,33,25,7,2015
26/07/2015,31,29,31,26,7,2015
27/07/2015,29,28,29,27,7,2015
28/07/2015,31,28,31,28,7,2015
29/07/2015,30,28,30,29,7,2015
30/07/2015,30,28,30,30,7,2015
31/07/2015,29,28,29,31,7,2015
01/08/2015,31,27,31,1,8,2015
02/08/2015,31,27,31,2,8,2015
03/08/2015,31,27,31,3,8,2015
04/08/2015,31,27,31,4,8,2015
05/08/2015,31,27,31,5,8,2015
06/08/2015,31,26,31,6,8,2015
07/08/2015,32,27,32,7,8,2015
08/08/2015,31,27,31,8,8,2015
09/08/2015,30,26,30,9,8,2015
10/08/2015,30,26,30,10,8,2015
11/08/2015,33,27,33,11,8,2015
12/08/2015,32,27,32,12,8,2015
13/08/2015,33,27,33,13,8,2015
14/08/2015,31,27,31,14,8,2015
15/08/2015,33,27,33,15,8,2015
16/08/2015,32,27,32,16,8,2015
17/08/2015,32,27,32,17,8,2015
18/08/2015,32,27,32,18,8,2015
19/08/2015,31,27,31,19,8,2015
20/08/2015,31,27,31,20,8,2015
21/08/2015,31,27,31,21,8,2015
22/08/2015,31,27,31,22,8,2015
23/08/2015,30,27,30,23,8,2015
24/08/2015,29,27,29,24,8,2015
25/08/2015,30,26,30,25,8,2015
26/08/2015,31,27,31,26,8,2015
27/08/2015,29,27,29,27,8,2015
28/08/2015,30,27,30,28,8,2015
29/08/2015,31,26,31,29,8,2015
30/08/2015,31,26,31,30,8,2015
31/08/2015,30,26,30,31,8,2015
01/09/2015,33,27,33,1,9,2015
02/09/2015,30,26,30,2,9,2015
03/09/2015,29,26,29,3,9,2015
04/09/2015,29,26,29,4,9,2015
05/09/2015,32,27,32,5,9,2015
06/09/2015,32,27,32,6,9,2015
07/09/2015,31,27,31,7,9,2015
08/09/2015,32,27,32,8,9,2015
09/09/2015,32,27,32,9,9,2015
10/09/2015,32,26,32,10,9,2015
11/09/2015,33,27,33,11,9,2015
12/09/2015,34,27,34,12,9,2015
13/09/2015,34,27,34,13,9,2015
14/09/2015,33,27,33,14,9,2015
15/09/2015,31,27,31,15,9,2015
16/09/2015,32,27,32,16,9,2015
17/09/2015,32,26,32,17,9,2015
18/09/2015,33,26,33,18,9,2015
19/09/2015,33,26,33,19,9,2015
20/09/2015,33,26,33,20,9,2015
21/09/2015,37,31,37,21,9,2015
22/09/2015,37,29,37,22,9,2015
23/09/2015,34,27,34,23,9,2015
24/09/2015,32,27,32,24,9,2015
25/09/2015,31,26,31,25,9,2015
26/09/2015,32,26,32,26,9,2015
27/09/2015,32,26,32,27,9,2015
28/09/2015,32,25,32,28,9,2015
29/09/2015,34,25,34,29,9,2015
30/09/2015,38,27,38,30,9,2015
01/10/2015,39,30,39,1,10,2015
02/10/2015,38,30,38,2,10,2015
03/10/2015,36,28,36,3,10,2015
04/10/2015,33,27,33,4,10,2015
05/10/2015,33,26,33,5,10,2015
06/10/2015,34,26,34,6,10,2015
07/10/2015,33,26,33,7,10,2015
08/10/2015,35,26,35,8,10,2015
09/10/2015,34,26,34,9,10,2015
10/10/2015,33,27,33,10,10,2015
11/10/2015,33,27,33,11,10,2015
12/10/2015,33,27,33,12,10,2015
13/10/2015,33,26,33,13,10,2015
14/10/2015,34,26,34,14,10,2015
15/10/2015,36,27,36,15,10,2015
16/10/2015,37,28,37,16,10,2015
17/10/2015,36,28,36,17,10,2015
18/10/2015,35,27,35,18,10,2015
19/10/2015,33,28,33,19,10,2015
20/10/2015,34,27,34,20,10,2015
21/10/2015,35,27,35,21,10,2015
22/10/2015,36,27,36,22,10,2015
23/10/2015,34,27,34,23,10,2015
24/10/2015,33,26,33,24,10,2015
25/10/2015,32,27,32,25,10,2015
26/10/2015,34,27,34,26,10,2015
27/10/2015,33,27,33,27,10,2015
28/10/2015,33,26,33,28,10,2015
29/10/2015,33,25,33,29,10,2015
30/10/2015,33,25,33,30,10,2015
31/10/2015,33,25,33,31,10,2015
01/11/2015,33,25,33,1,11,2015
02/11/2015,32,25,32,2,11,2015
03/11/2015,33,25,33,3,11,2015
04/11/2015,33,25,33,4,11,2015
05/11/2015,34,26,34,5,11,2015
06/11/2015,33,26,33,6,11,2015
07/11/2015,31,24,31,7,11,2015
08/11/2015,31,23,31,8,11,2015
09/11/2015,31,23,31,9,11,2015
10/11/2015,32,23,32,10,11,2015
11/11/2015,32,24,32,11,11,2015
12/11/2015,33,25,33,12,11,2015
13/11/2015,32,25,32,13,11,2015
14/11/2015,31,24,31,14,11,2015
15/11/2015,31,24,31,15,11,2015
16/11/2015,33,24,33,16,11,2015
17/11/2015,32,25,32,17,11,2015
18/11/2015,32,23,32,18,11,2015
19/11/2015,32,23,32,19,11,2015
20/11/2015,31,22,31,20,11,2015
21/11/2015,31,23,31,21,11,2015
22/11/2015,31,23,31,22,11,2015
23/11/2015,31,23,31,23,11,2015
24/11/2015,32,23,32,24,11,2015
25/11/2015,31,23,31,25,11,2015
26/11/2015,30,22,30,26,11,2015
27/11/2015,28,20,28,27,11,2015
28/11/2015,28,20,28,28,11,2015
29/11/2015,29,20,29,29,11,2015
30/11/2015,30,21,30,30,11,2015
01/12/2015,29,21,29,1,12,2015
02/12/2015,30,20,30,2,12,2015
03/12/2015,30,21,30,3,12,2015
04/12/2015,30,22,30,4,12,2015
05/12/2015,29,21,29,5,12,2015
06/12/2015,30,21,30,6,12,2015
07/12/2015,29,20,29,7,12,2015
08/12/2015,29,20,29,8,12,2015
09/12/2015,27,21,27,9,12,2015
10/12/2015,26,19,26,10,12,2015
11/12/2015,25,17,25,11,12,2015
12/12/2015,25,15,25,12,12,2015
13/12/2015,25,15,25,13,12,2015
14/12/2015,26,16,26,14,12,2015
15/12/2015,26,16,26,15,12,2015
16/12/2015,26,17,26,16,12,2015
17/12/2015,26,19,26,17,12,2015
18/12/2015,27,18,27,18,12,2015
19/12/2015,26,18,26,19,12,2015
20/12/2015,27,18,27,20,12,2015
21/12/2015,26,17,26,21,12,2015
22/12/2015,26,17,26,22,12,2015
23/12/2015,26,18,26,23,12,2015
24/12/2015,24,16,24,24,12,2015
25/12/2015,24,15,24,25,12,2015
26/12/2015,26,18,26,26,12,2015
27/12/2015,28,18,28,27,12,2015
28/12/2015,27,19,27,28,12,2015
29/12/2015,25,17,25,29,12,2015
30/12/2015,29,20,29,30,12,2015
31/12/2015,29,21,29,31,12,2015
01/01/2016,29,20,29,1,1,2016
02/01/2016,29,19,29,2,1,2016
03/01/2016,28,20,28,3,1,2016
04/01/2016,25,17,25,4,1,2016
05/01/2016,28,20,28,5,1,2016
06/01/2016,26,20,26,6,1,2016
07/01/2016,26,20,26,7,1,2016
08/01/2016,26,19,26,8,1,2016
09/01/2016,26,19,26,9,1,2016
10/01/2016,26,20,26,10,1,2016
11/01/2016,26,20,26,11,1,2016
12/01/2016,27,21,27,12,1,2016
13/01/2016,26,19,26,13,1,2016
14/01/2016,25,18,25,14,1,2016
15/01/2016,25,18,25,15,1,2016
16/01/2016,25,18,25,16,1,2016
17/01/2016,26,20,26,17,1,2016
18/01/2016,26,19,26,18,1,2016
19/01/2016,26,18,26,19,1,2016
20/01/2016,25,18,25,20,1,2016
21/01/2016,25,17,25,21,1,2016
22/01/2016,26,18,26,22,1,2016
23/01/2016,26,18,26,23,1,2016
24/01/2016,25,17,25,24,1,2016
25/01/2016,25,18,25,25,1,2016
26/01/2016,26,19,26,26,1,2016
27/01/2016,26,21,26,27,1,2016
28/01/2016,27,21,27,28,1,2016
29/01/2016,26,22,26,29,1,2016
30/01/2016,29,22,29,30,1,2016
31/01/2016,28,21,28,31,1,2016
01/02/2016,27,20,27,1,2,2016
02/02/2016,27,19,27,2,2,2016
03/02/2016,27,19,27,3,2,2016
04/02/2016,26,18,26,4,2,2016
05/02/2016,26,19,26,5,2,2016
06/02/2016,28,20,28,6,2,2016
07/02/2016,28,19,28,7,2,2016
08/02/2016,28,18,28,8,2,2016
09/02/2016,28,19,28,9,2,2016
10/02/2016,28,21,28,10,2,2016
11/02/2016,27,19,27,11,2,2016
12/02/2016,27,20,27,12,2,2016
13/02/2016,26,17,26,13,2,2016
14/02/2016,26,17,26,14,2,2016
15/02/2016,26,18,26,15,2,2016
16/02/2016,27,18,27,16,2,2016
17/02/2016,28,18,28,17,2,2016
18/02/2016,29,21,29,18,2,2016
19/02/2016,29,21,29,19,2,2016
20/02/2016,29,21,29,20,2,2016
21/02/2016,30,20,30,21,2,2016
22/02/2016,30,20,30,22,2,2016
23/02/2016,30,20,30,23,2,2016
24/02/2016,31,20,31,24,2,2016
25/02/2016,31,20,31,25,2,2016
26/02/2016,34,21,34,26,2,2016
27/02/2016,34,23,34,27,2,2016
28/02/2016,34,23,34,28,2,2016
29/02/2016,34,23,34,29,2,2016
01/03/2016,33,24,33,1,3,2016
02/03/2016,33,25,33,2,3,2016
03/03/2016,33,24,33,3,3,2016
04/03/2016,30,24,30,4,3,2016
05/03/2016,31,23,31,5,3,2016
06/03/2016,30,22,30,6,3,2016
07/03/2016,29,23,29,7,3,2016
08/03/2016,30,23,30,8,3,2016
09/03/2016,30,22,30,9,3,2016
10/03/2016,29,22,29,10,3,2016
11/03/2016,29,24,29,11,3,2016
12/03/2016,30,24,30,12,3,2016
13/03/2016,29,24,29,13,3,2016
14/03/2016,31,23,31,14,3,2016
15/03/2016,31,24,31,15,3,2016
16/03/2016,31,24,31,16,3,2016
17/03/2016,31,25,31,17,3,2016
18/03/2016,32,25,32,18,3,2016
19/03/2016,32,25,32,19,3,2016
20/03/2016,34,24,34,20,3,2016
21/03/2016,35,23,35,21,3,2016
22/03/2016,35,25,35,22,3,2016
23/03/2016,34,24,34,23,3,2016
24/03/2016,34,27,34,24,3,2016
25/03/2016,34,25,34,25,3,2016
26/03/2016,34,26,34,26,3,2016
27/03/2016,34,25,34,27,3,2016
28/03/2016,34,25,34,28,3,2016
29/03/2016,32,23,32,29,3,2016
30/03/2016,33,25,33,30,3,2016
31/03/2016,33,25,33,31,3,2016
01/04/2016,33,25,33,1,4,2016
02/04/2016,34,25,34,2,4,2016
03/04/2016,31,26,31,3,4,2016
04/04/2016,32,24,32,4,4,2016
05/04/2016,31,24,31,5,4,2016
06/04/2016,31,24,31,6,4,2016
07/04/2016,33,25,33,7,4,2016
08/04/2016,32,24,32,8,4,2016
09/04/2016,32,25,32,9,4,2016
10/04/2016,32,26,32,10,4,2016
11/04/2016,34,25,34,11,4,2016
12/04/2016,34,26,34,12,4,2016
13/04/2016,35,25,35,13,4,2016
14/04/2016,35,25,35,14,4,2016
15/04/2016,35,25,35,15,4,2016
16/04/2016,35,25,35,16,4,2016
17/04/2016,35,25,35,17,4,2016
18/04/2016,35,25,35,18,4,2016
19/04/2016,34,25,34,19,4,2016
20/04/2016,35,25,35,20,4,2016
21/04/2016,34,26,34,21,4,2016
22/04/2016,37,26,37,22,4,2016
23/04/2016,37,26,37,23,4,2016
24/04/2016,38,26,38,24,4,2016
25/04/2016,36,26,36,25,4,2016
26/04/2016,36,26,36,26,4,2016
27/04/2016,36,26,36,27,4,2016
28/04/2016,37,27,37,28,4,2016
29/04/2016,36,27,36,29,4,2016
30/04/2016,36,27,36,30,4,2016
01/05/2016,37,28,37,1,5,2016
02/05/2016,37,29,37,2,5,2016
03/05/2016,36,27,36,3,5,2016
04/05/2016,34,27,34,4,5,2016
05/05/2016,34,27,34,5,5,2016
06/05/2016,35,27,35,6,5,2016
07/05/2016,35,27,35,7,5,2016
08/05/2016,35,27,35,8,5,2016
09/05/2016,36,27,36,9,5,2016
10/05/2016,35,27,35,10,5,2016
11/05/2016,36,27,36,11,5,2016
12/05/2016,37,27,37,12,5,2016
13/05/2016,37,28,37,13,5,2016
14/05/2016,36,28,36,14,5,2016
15/05/2016,36,27,36,15,5,2016
16/05/2016,37,27,37,16,5,2016
17/05/2016,40,28,40,17,5,2016
18/05/2016,40,29,40,18,5,2016
19/05/2016,36,27,36,19,5,2016
20/05/2016,37,27,37,20,5,2016
21/05/2016,37,28,37,21,5,2016
22/05/2016,36,29,36,22,5,2016
23/05/2016,36,29,36,23,5,2016
24/05/2016,36,28,36,24,5,2016
25/05/2016,35,28,35,25,5,2016
26/05/2016,33,28,33,26,5,2016
27/05/2016,30,28,30,27,5,2016
28/05/2016,29,28,29,28,5,2016
29/05/2016,34,28,34,29,5,2016
30/05/2016,33,28,33,30,5,2016
31/05/2016,33,28,33,31,5,2016
01/06/2016,36,28,36,1,6,2016
02/06/2016,34,28,34,2,6,2016
03/06/2016,35,28,35,3,6,2016
04/06/2016,37,27,37,4,6,2016
05/06/2016,39,28,39,5,6,2016
06/06/2016,38,28,38,6,6,2016
07/06/2016,36,28,36,7,6,2016
08/06/2016,36,28,36,8,6,2016
09/06/2016,36,29,36,9,6,2016
10/06/2016,35,29,35,10,6,2016
11/06/2016,35,29,35,11,6,2016
12/06/2016,34,28,34,12,6,2016
13/06/2016,32,29,32,13,6,2016
14/06/2016,34,28,34,14,6,2016
15/06/2016,34,29,34,15,6,2016
16/06/2016,35,29,35,16,6,2016
17/06/2016,34,28,34,17,6,2016
18/06/2016,34,27,34,18,6,2016
19/06/2016,33,26,33,19,6,2016
20/06/2016,35,27,35,20,6,2016
21/06/2016,34,27,34,21,6,2016
22/06/2016,34,28,34,22,6,2016
23/06/2016,34,28,34,23,6,2016
24/06/2016,37,28,37,24,6,2016
25/06/2016,37,30,37,25,6,2016
26/06/2016,41,31,41,26,6,2016
27/06/2016,39,31,39,27,6,2016
28/06/2016,37,30,37,28,6,2016
29/06/2016,36,30,36,29,6,2016
30/06/2016,37,30,37,30,6,2016
01/07/2016,38,31,38,1,7,2016
02/07/2016,36,31,36,2,7,2016
03/07/2016,35,30,35,3,7,2016
04/07/2016,35,29,35,4,7,2016
05/07/2016,34,29,34,5,7,2016
06/07/2016,32,29,32,6,7,2016
07/07/2016,31,29,31,7,7,2016
08/07/2016,32,30,32,8,7,2016
09/07/2016,32,29,32,9,7,2016
10/07/2016,33,30,33,10,7,2016
11/07/2016,34,30,34,11,7,2016
12/07/2016,35,30,35,12,7,2016
13/07/2016,35,29,35,13,7,2016
14/07/2016,34,29,34,14,7,2016
15/07/2016,33,29,33,15,7,2016
16/07/2016,32,29,32,16,7,2016
17/07/2016,31,29,31,17,7,2016
18/07/2016,33,28,33,18,7,2016
19/07/2016,32,28,32,19,7,2016
20/07/2016,33,28,33,20,7,2016
21/07/2016,33,28,33,21,7,2016
22/07/2016,33,28,33,22,7,2016
23/07/2016,33,28,33,23,7,2016
24/07/2016,32,28,32,24,7,2016
25/07/2016,32,28,32,25,7,2016
26/07/2016,32,28,32,26,7,2016
27/07/2016,32,28,32,27,7,2016
28/07/2016,33,28,33,28,7,2016
29/07/2016,33,28,33,29,7,2016
30/07/2016,33,28,33,30,7,2016
31/07/2016,30,28,30,31,7,2016
01/08/2016,32,28,32,1,8,2016
02/08/2016,31,28,31,2,8,2016
03/08/2016,33,27,33,3,8,2016
04/08/2016,29,28,29,4,8,2016
05/08/2016,34,28,34,5,8,2016
06/08/2016,32,28,32,6,8,2016
07/08/2016,33,29,33,7,8,2016
08/08/2016,34,29,34,8,8,2016
09/08/2016,33,29,33,9,8,2016
10/08/2016,33,29,33,10,8,2016
11/08/2016,33,29,33,11,8,2016
12/08/2016,32,28,32,12,8,2016
13/08/2016,33,28,33,13,8,2016
14/08/2016,33,28,33,14,8,2016
15/08/2016,33,28,33,15,8,2016
16/08/2016,31,28,31,16,8,2016
17/08/2016,33,28,33,17,8,2016
18/08/2016,33,28,33,18,8,2016
19/08/2016,32,27,32,19,8,2016
20/08/2016,32,27,32,20,8,2016
21/08/2016,33,27,33,21,8,2016
22/08/2016,33,27,33,22,8,2016
23/08/2016,33,27,33,23,8,2016
24/08/2016,33,27,33,24,8,2016
25/08/2016,32,27,32,25,8,2016
26/08/2016,35,27,35,26,8,2016
27/08/2016,35,27,35,27,8,2016
28/08/2016,35,29,35,28,8,2016
29/08/2016,35,29,35,29,8,2016
30/08/2016,31,28,31,30,8,2016
31/08/2016,32,29,32,31,8,2016
01/09/2016,32,27,32,1,9,2016
02/09/2016,32,26,32,2,9,2016
03/09/2016,32,27,32,3,9,2016
04/09/2016,29,27,29,4,9,2016
05/09/2016,30,27,30,5,9,2016
06/09/2016,31,27,31,6,9,2016
07/09/2016,31,27,31,7,9,2016
08/09/2016,32,27,32,8,9,2016
09/09/2016,32,26,32,9,9,2016
10/09/2016,32,27,32,10,9,2016
11/09/2016,30,27,30,11,9,2016
12/09/2016,29,27,29,12,9,2016
13/09/2016,32,26,32,13,9,2016
14/09/2016,32,26,32,14,9,2016
15/09/2016,33,27,33,15,9,2016
16/09/2016,33,27,33,16,9,2016
17/09/2016,33,27,33,17,9,2016
18/09/2016,33,27,33,18,9,2016
19/09/2016,33,27,33,19,9,2016
20/09/2016,33,27,33,20,9,2016
21/09/2016,32,26,32,21,9,2016
22/09/2016,32,26,32,22,9,2016
23/09/2016,32,26,32,23,9,2016
24/09/2016,32,26,32,24,9,2016
25/09/2016,32,26,32,25,9,2016
26/09/2016,32,26,32,26,9,2016
27/09/2016,32,26,32,27,9,2016
28/09/2016,31,26,31,28,9,2016
29/09/2016,32,26,32,29,9,2016
30/09/2016,32,26,32,30,9,2016
01/10/2016,32,25,32,1,10,2016
02/10/2016,35,26,35,2,10,2016
03/10/2016,36,27,36,3,10,2016
04/10/2016,33,27,33,4,10,2016
05/10/2016,34,27,34,5,10,2016
06/10/2016,33,27,33,6,10,2016
07/10/2016,34,26,34,7,10,2016
08/10/2016,34,27,34,8,10,2016
09/10/2016,35,27,35,9,10,2016
10/10/2016,36,26,36,10,10,2016
11/10/2016,33,25,33,11,10,2016
12/10/2016,32,25,32,12,10,2016
13/10/2016,33,26,33,13,10,2016
14/10/2016,34,25,34,14,10,2016
15/10/2016,33,25,33,15,10,2016
16/10/2016,33,25,33,16,10,2016
17/10/2016,33,25,33,17,10,2016
18/10/2016,33,25,33,18,10,2016
19/10/2016,32,26,32,19,10,2016
20/10/2016,32,25,32,20,10,2016
21/10/2016,32,24,32,21,10,2016
22/10/2016,31,24,31,22,10,2016
23/10/2016,31,24,31,23,10,2016
24/10/2016,30,25,30,24,10,2016
25/10/2016,32,25,32,25,10,2016
26/10/2016,33,24,33,26,10,2016
27/10/2016,33,25,33,27,10,2016
28/10/2016,33,25,33,28,10,2016
29/10/2016,32,23,32,29,10,2016
30/10/2016,32,23,32,30,10,2016
31/10/2016,34,25,34,31,10,2016
01/11/2016,34,26,34,1,11,2016
02/11/2016,34,25,34,2,11,2016
03/11/2016,34,26,34,3,11,2016
04/11/2016,34,25,34,4,11,2016
05/11/2016,34,24,34,5,11,2016
06/11/2016,32,23,32,6,11,2016
07/11/2016,32,23,32,7,11,2016
08/11/2016,32,23,32,8,11,2016
09/11/2016,32,23,32,9,11,2016
10/11/2016,31,23,31,10,11,2016
11/11/2016,32,23,32,11,11,2016
12/11/2016,32,23,32,12,11,2016
13/11/2016,31,23,31,13,11,2016
14/11/2016,30,21,30,14,11,2016
15/11/2016,30,21,30,15,11,2016
16/11/2016,31,22,31,16,11,2016
17/11/2016,32,22,32,17,11,2016
18/11/2016,32,21,32,18,11,2016
19/11/2016,30,22,30,19,11,2016
20/11/2016,30,23,30,20,11,2016
21/11/2016,30,22,30,21,11,2016
22/11/2016,30,21,30,22,11,2016
23/11/2016,30,21,30,23,11,2016
24/11/2016,32,21,32,24,11,2016
25/11/2016,32,23,32,25,11,2016
26/11/2016,32,23,32,26,11,2016
27/11/2016,32,22,32,27,11,2016
28/11/2016,32,23,32,28,11,2016
29/11/2016,30,22,30,29,11,2016
30/11/2016,31,21,31,30,11,2016
01/12/2016,33,23,33,1,12,2016
02/12/2016,32,23,32,2,12,2016
03/12/2016,31,23,31,3,12,2016
04/12/2016,31,21,31,4,12,2016
05/12/2016,30,21,30,5,12,2016
06/12/2016,31,21,31,6,12,2016
07/12/2016,32,22,32,7,12,2016
08/12/2016,31,22,31,8,12,2016
09/12/2016,30,23,30,9,12,2016
10/12/2016,30,24,30,10,12,2016
11/12/2016,29,22,29,11,12,2016
12/12/2016,28,23,28,12,12,2016
13/12/2016,28,21,28,13,12,2016
14/12/2016,28,21,28,14,12,2016
15/12/2016,28,20,28,15,12,2016
16/12/2016,27,19,27,16,12,2016
17/12/2016,28,20,28,17,12,2016
18/12/2016,27,20,27,18,12,2016
19/12/2016,28,20,28,19,12,2016
20/12/2016,29,20,29,20,12,2016
21/12/2016,29,20,29,21,12,2016
22/12/2016,30,20,30,22,12,2016
23/12/2016,30,20,30,23,12,2016
24/12/2016,31,21,31,24,12,2016
25/12/2016,29,20,29,25,12,2016
26/12/2016,28,18,28,26,12,2016
27/12/2016,28,19,28,27,12,2016
28/12/2016,29,19,29,28,12,2016
29/12/2016,29,19,29,29,12,2016
30/12/2016,30,20,30,30,12,2016
31/12/2016,30,20,30,31,12,2016
01/01/2017,29,20,29,1,1,2017
02/01/2017,29,20,29,2,1,2017
03/01/2017,28,19,28,3,1,2017
04/01/2017,26,19,26,4,1,2017
05/01/2017,26,20,26,5,1,2017
06/01/2017,27,19,27,6,1,2017
07/01/2017,25,17,25,7,1,2017
08/01/2017,24,15,24,8,1,2017
09/01/2017,23,15,23,9,1,2017
10/01/2017,23,15,23,10,1,2017
11/01/2017,25,16,25,11,1,2017
12/01/2017,25,16,25,12,1,2017
13/01/2017,24,19,24,13,1,2017
14/01/2017,23,17,23,14,1,2017
15/01/2017,24,16,24,15,1,2017
16/01/2017,23,16,23,16,1,2017
17/01/2017,24,17,24,17,1,2017
18/01/2017,25,18,25,18,1,2017
19/01/2017,24,17,24,19,1,2017
20/01/2017,23,16,23,20,1,2017
21/01/2017,25,17,25,21,1,2017
22/01/2017,27,19,27,22,1,2017
23/01/2017,28,20,28,23,1,2017
24/01/2017,27,20,27,24,1,2017
25/01/2017,24,18,24,25,1,2017
26/01/2017,23,18,23,26,1,2017
27/01/2017,24,18,24,27,1,2017
28/01/2017,26,18,26,28,1,2017
29/01/2017,26,19,26,29,1,2017
30/01/2017,26,19,26,30,1,2017
31/01/2017,29,20,29,31,1,2017
01/02/2017,28,21,28,1,2,2017
02/02/2017,29,21,29,2,2,2017
03/02/2017,28,21,28,3,2,2017
04/02/2017,22,19,22,4,2,2017
05/02/2017,23,15,23,5,2,2017
06/02/2017,25,16,25,6,2,2017
07/02/2017,25,17,25,7,2,2017
08/02/2017,26,18,26,8,2,2017
09/02/2017,26,18,26,9,2,2017
10/02/2017,26,18,26,10,2,2017
11/02/2017,26,18,26,11,2,2017
12/02/2017,29,20,29,12,2,2017
13/02/2017,29,21,29,13,2,2017
14/02/2017,30,21,30,14,2,2017
15/02/2017,31,22,31,15,2,2017
16/02/2017,32,24,32,16,2,2017
17/02/2017,32,24,32,17,2,2017
18/02/2017,33,24,33,18,2,2017
19/02/2017,30,24,30,19,2,2017
20/02/2017,29,23,29,20,2,2017
21/02/2017,27,20,27,21,2,2017
22/02/2017,29,20,29,22,2,2017
23/02/2017,30,20,30,23,2,2017
24/02/2017,30,21,30,24,2,2017
25/02/2017,32,22,32,25,2,2017
26/02/2017,32,23,32,26,2,2017
27/02/2017,32,24,32,27,2,2017
28/02/2017,29,24,29,28,2,2017
01/03/2017,30,22,30,1,3,2017
02/03/2017,30,22,30,2,3,2017
03/03/2017,30,21,30,3,3,2017
04/03/2017,30,21,30,4,3,2017
05/03/2017,30,22,30,5,3,2017
06/03/2017,29,22,29,6,3,2017
07/03/2017,29,23,29,7,3,2017
08/03/2017,29,22,29,8,3,2017
09/03/2017,30,23,30,9,3,2017
10/03/2017,29,23,29,10,3,2017
11/03/2017,28,19,28,11,3,2017
12/03/2017,30,21,30,12,3,2017
13/03/2017,30,20,30,13,3,2017
14/03/2017,30,21,30,14,3,2017
15/03/2017,32,22,32,15,3,2017
16/03/2017,31,22,31,16,3,2017
17/03/2017,31,23,31,17,3,2017
18/03/2017,31,24,31,18,3,2017
19/03/2017,34,23,34,19,3,2017
20/03/2017,33,24,33,20,3,2017
21/03/2017,32,23,32,21,3,2017
22/03/2017,30,22,30,22,3,2017
23/03/2017,33,23,33,23,3,2017
24/03/2017,33,22,33,24,3,2017
25/03/2017,35,24,35,25,3,2017
26/03/2017,35,25,35,26,3,2017
27/03/2017,36,25,36,27,3,2017
28/03/2017,34,24,34,28,3,2017
29/03/2017,35,25,35,29,3,2017
30/03/2017,34,25,34,30,3,2017
31/03/2017,34,24,34,31,3,2017
01/04/2017,36,25,36,1,4,2017
02/04/2017,35,25,35,2,4,2017
03/04/2017,35,25,35,3,4,2017
04/04/2017,37,26,37,4,4,2017
05/04/2017,35,27,35,5,4,2017
06/04/2017,32,26,32,6,4,2017
07/04/2017,33,23,33,7,4,2017
08/04/2017,35,22,35,8,4,2017
09/04/2017,36,24,36,9,4,2017
10/04/2017,37,25,37,10,4,2017
11/04/2017,38,26,38,11,4,2017
12/04/2017,39,27,39,12,4,2017
13/04/2017,38,27,38,13,4,2017
14/04/2017,36,27,36,14,4,2017
15/04/2017,35,26,35,15,4,2017
16/04/2017,34,26,34,16,4,2017
17/04/2017,34,26,34,17,4,2017
18/04/2017,33,26,33,18,4,2017
19/04/2017,35,26,35,19,4,2017
20/04/2017,36,27,36,20,4,2017
21/04/2017,35,26,35,21,4,2017
22/04/2017,34,26,34,22,4,2017
23/04/2017,34,25,34,23,4,2017
24/04/2017,35,25,35,24,4,2017
25/04/2017,33,25,33,25,4,2017
26/04/2017,33,25,33,26,4,2017
27/04/2017,33,26,33,27,4,2017
28/04/2017,36,26,36,28,4,2017
29/04/2017,40,26,40,29,4,2017
30/04/2017,40,27,40,30,4,2017
01/05/2017,39,26,39,1,5,2017
02/05/2017,37,27,37,2,5,2017
03/05/2017,37,27,37,3,5,2017
04/05/2017,36,27,36,4,5,2017
05/05/2017,37,28,37,5,5,2017
06/05/2017,37,28,37,6,5,2017
07/05/2017,38,28,38,7,5,2017
08/05/2017,37,29,37,8,5,2017
09/05/2017,37,28,37,9,5,2017
10/05/2017,38,28,38,10,5,2017
11/05/2017,37,28,37,11,5,2017
12/05/2017,36,27,36,12,5,2017
13/05/2017,36,27,36,13,5,2017
14/05/2017,36,28,36,14,5,2017
15/05/2017,36,28,36,15,5,2017
16/05/2017,37,29,37,16,5,2017
17/05/2017,36,29,36,17,5,2017
18/05/2017,35,27,35,18,5,2017
19/05/2017,35,28,35,19,5,2017
20/05/2017,34,28,34,20,5,2017
21/05/2017,34,27,34,21,5,2017
22/05/2017,35,28,35,22,5,2017
23/05/2017,35,27,35,23,5,2017
24/05/2017,35,28,35,24,5,2017
25/05/2017,36,29,36,25,5,2017
26/05/2017,37,29,37,26,5,2017
27/05/2017,37,29,37,27,5,2017
28/05/2017,37,29,37,28,5,2017
29/05/2017,40,28,40,29,5,2017
30/05/2017,39,28,39,30,5,2017
31/05/2017,39,28,39,31,5,2017
01/06/2017,38,28,38,1,6,2017
02/06/2017,37,27,37,2,6,2017
03/06/2017,38,28,38,3,6,2017
04/06/2017,37,29,37,4,6,2017
05/06/2017,35,29,35,5,6,2017
06/06/2017,35,29,35,6,6,2017
07/06/2017,34,29,34,7,6,2017
08/06/2017,35,29,35,8,6,2017
09/06/2017,36,30,36,9,6,2017
10/06/2017,36,29,36,10,6,2017
11/06/2017,36,29,36,11,6,2017
12/06/2017,36,29,36,12,6,2017
13/06/2017,35,29,35,13,6,2017
14/06/2017,35,30,35,14,6,2017
15/06/2017,35,29,35,15,6,2017
16/06/2017,33,29,33,16,6,2017
17/06/2017,33,30,33,17,6,2017
18/06/2017,34,30,34,18,6,2017
19/06/2017,34,30,34,19,6,2017
20/06/2017,33,30,33,20,6,2017
21/06/2017,33,29,33,21,6,2017
22/06/2017,34,30,34,22,6,2017
23/06/2017,33,29,33,23,6,2017
24/06/2017,35,29,35,24,6,2017
25/06/2017,36,29,36,25,6,2017
26/06/2017,39,30,39,26,6,2017
27/06/2017,38,30,38,27,6,2017
28/06/2017,38,31,38,28,6,2017
29/06/2017,36,30,36,29,6,2017
30/06/2017,35,30,35,30,6,2017
01/07/2017,34,29,34,1,7,2017
02/07/2017,34,29,34,2,7,2017
03/07/2017,34,29,34,3,7,2017
04/07/2017,33,30,33,4,7,2017
05/07/2017,33,29,33,5,7,2017
06/07/2017,30,29,30,6,7,2017
07/07/2017,31,29,31,7,7,2017
08/07/2017,33,28,33,8,7,2017
09/07/2017,31,28,31,9,7,2017
10/07/2017,31,28,31,10,7,2017
11/07/2017,30,29,30,11,7,2017
12/07/2017,30,28,30,12,7,2017
13/07/2017,32,28,32,13,7,2017
14/07/2017,32,27,32,14,7,2017
15/07/2017,31,27,31,15,7,2017
16/07/2017,32,27,32,16,7,2017
17/07/2017,34,28,34,17,7,2017
18/07/2017,33,28,33,18,7,2017
19/07/2017,34,28,34,19,7,2017
20/07/2017,36,30,36,20,7,2017
21/07/2017,33,29,33,21,7,2017
22/07/2017,31,28,31,22,7,2017
23/07/2017,31,27,31,23,7,2017
24/07/2017,31,27,31,24,7,2017
25/07/2017,30,27,30,25,7,2017
26/07/2017,31,28,31,26,7,2017
27/07/2017,31,28,31,27,7,2017
28/07/2017,31,28,31,28,7,2017
29/07/2017,29,27,29,29,7,2017
30/07/2017,31,27,31,30,7,2017
31/07/2017,30,28,30,31,7,2017
01/08/2017,29,27,29,1,8,2017
02/08/2017,30,27,30,2,8,2017
03/08/2017,29,27,29,3,8,2017
04/08/2017,30,27,30,4,8,2017
05/08/2017,30,27,30,5,8,2017
06/08/2017,32,27,32,6,8,2017
07/08/2017,29,27,29,7,8,2017
08/08/2017,31,27,31,8,8,2017
09/08/2017,32,27,32,9,8,2017
10/08/2017,31,27,31,10,8,2017
11/08/2017,31,28,31,11,8,2017
12/08/2017,30,27,30,12,8,2017
13/08/2017,29,27,29,13,8,2017
14/08/2017,29,27,29,14,8,2017
15/08/2017,31,27,31,15,8,2017
16/08/2017,31,27,31,16,8,2017
17/08/2017,30,27,30,17,8,2017
18/08/2017,31,27,31,18,8,2017
19/08/2017,30,27,30,19,8,2017
20/08/2017,31,27,31,20,8,2017
21/08/2017,35,27,35,21,8,2017
22/08/2017,34,28,34,22,8,2017
23/08/2017,32,28,32,23,8,2017
24/08/2017,32,28,32,24,8,2017
25/08/2017,32,28,32,25,8,2017
26/08/2017,31,28,31,26,8,2017
27/08/2017,32,27,32,27,8,2017
28/08/2017,34,27,34,28,8,2017
29/08/2017,38,28,38,29,8,2017
30/08/2017,38,30,38,30,8,2017
31/08/2017,34,29,34,31,8,2017
01/09/2017,32,28,32,1,9,2017
02/09/2017,31,27,31,2,9,2017
03/09/2017,31,27,31,3,9,2017
04/09/2017,31,27,31,4,9,2017
05/09/2017,30,27,30,5,9,2017
06/09/2017,30,27,30,6,9,2017
07/09/2017,30,27,30,7,9,2017
08/09/2017,31,27,31,8,9,2017
09/09/2017,31,27,31,9,9,2017
10/09/2017,31,27,31,10,9,2017
11/09/2017,30,27,30,11,9,2017
12/09/2017,32,27,32,12,9,2017
13/09/2017,32,27,32,13,9,2017
14/09/2017,32,27,32,14,9,2017
15/09/2017,33,27,33,15,9,2017
16/09/2017,34,27,34,16,9,2017
17/09/2017,35,27,35,17,9,2017
18/09/2017,35,28,35,18,9,2017
19/09/2017,37,28,37,19,9,2017
20/09/2017,38,27,38,20,9,2017
21/09/2017,33,27,33,21,9,2017
22/09/2017,32,27,32,22,9,2017
23/09/2017,31,26,31,23,9,2017
24/09/2017,31,27,31,24,9,2017
25/09/2017,31,26,31,25,9,2017
26/09/2017,31,26,31,26,9,2017
27/09/2017,32,26,32,27,9,2017
28/09/2017,31,26,31,28,9,2017
29/09/2017,31,26,31,29,9,2017
30/09/2017,32,26,32,30,9,2017
01/10/2017,33,26,33,1,10,2017
02/10/2017,32,27,32,2,10,2017
03/10/2017,32,27,32,3,10,2017
04/10/2017,32,27,32,4,10,2017
05/10/2017,32,26,32,5,10,2017
06/10/2017,29,26,29,6,10,2017
07/10/2017,36,27,36,7,10,2017
08/10/2017,35,28,35,8,10,2017
09/10/2017,35,27,35,9,10,2017
10/10/2017,38,28,38,10,10,2017
11/10/2017,38,30,38,11,10,2017
12/10/2017,39,30,39,12,10,2017
13/10/2017,37,29,37,13,10,2017
14/10/2017,35,28,35,14,10,2017
15/10/2017,34,27,34,15,10,2017
16/10/2017,34,27,34,16,10,2017
17/10/2017,34,26,34,17,10,2017
18/10/2017,34,26,34,18,10,2017
19/10/2017,35,27,35,19,10,2017
20/10/2017,35,27,35,20,10,2017
21/10/2017,34,28,34,21,10,2017
22/10/2017,32,27,32,22,10,2017
23/10/2017,31,27,31,23,10,2017
24/10/2017,32,26,32,24,10,2017
25/10/2017,34,26,34,25,10,2017
26/10/2017,33,26,33,26,10,2017
27/10/2017,31,26,31,27,10,2017
28/10/2017,32,25,32,28,10,2017
29/10/2017,32,25,32,29,10,2017
30/10/2017,34,26,34,30,10,2017
31/10/2017,34,27,34,31,10,2017
01/11/2017,33,26,33,1,11,2017
02/11/2017,32,25,32,2,11,2017
03/11/2017,31,24,31,3,11,2017
04/11/2017,33,25,33,4,11,2017
05/11/2017,34,26,34,5,11,2017
06/11/2017,34,26,34,6,11,2017
07/11/2017,33,26,33,7,11,2017
08/11/2017,31,25,31,8,11,2017
09/11/2017,31,24,31,9,11,2017
10/11/2017,32,24,32,10,11,2017
11/11/2017,32,25,32,11,11,2017
12/11/2017,31,25,31,12,11,2017
13/11/2017,28,24,28,13,11,2017
14/11/2017,30,24,30,14,11,2017
15/11/2017,29,23,29,15,11,2017
16/11/2017,28,23,28,16,11,2017
17/11/2017,27,22,27,17,11,2017
18/11/2017,27,21,27,18,11,2017
19/11/2017,28,21,28,19,11,2017
20/11/2017,27,21,27,20,11,2017
21/11/2017,27,21,27,21,11,2017
22/11/2017,28,20,28,22,11,2017
23/11/2017,27,20,27,23,11,2017
24/11/2017,27,21,27,24,11,2017
25/11/2017,28,21,28,25,11,2017
26/11/2017,30,22,30,26,11,2017
27/11/2017,30,23,30,27,11,2017
28/11/2017,29,23,29,28,11,2017
29/11/2017,29,22,29,29,11,2017
30/11/2017,30,23,30,30,11,2017
01/12/2017,29,22,29,1,12,2017
02/12/2017,29,21,29,2,12,2017
03/12/2017,29,21,29,3,12,2017
04/12/2017,27,22,27,4,12,2017
05/12/2017,26,18,26,5,12,2017
06/12/2017,26,19,26,6,12,2017
07/12/2017,25,18,25,7,12,2017
08/12/2017,27,19,27,8,12,2017
09/12/2017,27,19,27,9,12,2017
10/12/2017,28,21,28,10,12,2017
11/12/2017,25,19,25,11,12,2017
12/12/2017,25,19,25,12,12,2017
13/12/2017,24,19,24,13,12,2017
14/12/2017,25,18,25,14,12,2017
15/12/2017,23,17,23,15,12,2017
16/12/2017,24,17,24,16,12,2017
17/12/2017,25,18,25,17,12,2017
18/12/2017,27,20,27,18,12,2017
19/12/2017,27,20,27,19,12,2017
20/12/2017,28,21,28,20,12,2017
21/12/2017,28,21,28,21,12,2017
22/12/2017,28,21,28,22,12,2017
23/12/2017,27,20,27,23,12,2017
24/12/2017,28,20,28,24,12,2017
25/12/2017,29,21,29,25,12,2017
26/12/2017,27,20,27,26,12,2017
27/12/2017,27,20,27,27,12,2017
28/12/2017,29,20,29,28,12,2017
29/12/2017,28,21,28,29,12,2017
30/12/2017,26,20,26,30,12,2017
31/12/2017,25,18,25,31,12,2017
01/01/2018,25,18,25,1,1,2018
02/01/2018,25,18,25,2,1,2018
03/01/2018,25,18,25,3,1,2018
04/01/2018,25,20,25,4,1,2018
05/01/2018,25,19,25,5,1,2018
06/01/2018,24,18,24,6,1,2018
07/01/2018,24,18,24,7,1,2018
08/01/2018,24,18,24,8,1,2018
09/01/2018,26,19,26,9,1,2018
10/01/2018,27,19,27,10,1,2018
11/01/2018,25,21,25,11,1,2018
12/01/2018,27,22,27,12,1,2018
13/01/2018,27,22,27,13,1,2018
14/01/2018,28,20,28,14,1,2018
15/01/2018,29,21,29,15,1,2018
16/01/2018,27,21,27,16,1,2018
17/01/2018,26,20,26,17,1,2018
18/01/2018,28,19,28,18,1,2018
19/01/2018,27,19,27,19,1,2018
20/01/2018,26,19,26,20,1,2018
21/01/2018,25,19,25,21,1,2018
22/01/2018,25,20,25,22,1,2018
23/01/2018,24,18,24,23,1,2018
24/01/2018,25,17,25,24,1,2018
25/01/2018,25,19,25,25,1,2018
26/01/2018,25,19,25,26,1,2018
27/01/2018,26,19,26,27,1,2018
28/01/2018,26,19,26,28,1,2018
29/01/2018,26,19,26,29,1,2018
30/01/2018,28,20,28,30,1,2018
31/01/2018,27,20,27,31,1,2018
01/02/2018,27,21,27,1,2,2018
02/02/2018,27,20,27,2,2,2018
03/02/2018,27,20,27,3,2,2018
04/02/2018,26,20,26,4,2,2018
05/02/2018,26,19,26,5,2,2018
06/02/2018,28,19,28,6,2,2018
07/02/2018,27,19,27,7,2,2018
08/02/2018,27,19,27,8,2,2018
09/02/2018,26,19,26,9,2,2018
10/02/2018,26,20,26,10,2,2018
11/02/2018,25,20,25,11,2,2018
12/02/2018,25,20,25,12,2,2018
13/02/2018,26,20,26,13,2,2018
14/02/2018,29,21,29,14,2,2018
15/02/2018,29,21,29,15,2,2018
16/02/2018,29,21,29,16,2,2018
17/02/2018,30,23,30,17,2,2018
18/02/2018,30,23,30,18,2,2018
19/02/2018,30,23,30,19,2,2018
20/02/2018,30,22,30,20,2,2018
21/02/2018,29,22,29,21,2,2018
22/02/2018,29,22,29,22,2,2018
23/02/2018,29,22,29,23,2,2018
24/02/2018,29,22,29,24,2,2018
25/02/2018,32,22,32,25,2,2018
26/02/2018,31,25,31,26,2,2018
27/02/2018,31,25,31,27,2,2018
28/02/2018,31,24,31,28,2,2018
01/03/2018,31,24,31,1,3,2018
02/03/2018,31,24,31,2,3,2018
03/03/2018,30,23,30,3,3,2018
04/03/2018,29,23,29,4,3,2018
05/03/2018,32,23,32,5,3,2018
06/03/2018,32,23,32,6,3,2018
07/03/2018,33,25,33,7,3,2018
08/03/2018,33,25,33,8,3,2018
09/03/2018,31,24,31,9,3,2018
10/03/2018,30,23,30,10,3,2018
11/03/2018,30,23,30,11,3,2018
12/03/2018,31,22,31,12,3,2018
13/03/2018,31,22,31,13,3,2018
14/03/2018,30,24,30,14,3,2018
15/03/2018,31,24,31,15,3,2018
16/03/2018,31,24,31,16,3,2018
17/03/2018,30,23,30,17,3,2018
18/03/2018,28,22,28,18,3,2018
19/03/2018,29,23,29,19,3,2018
20/03/2018,29,23,29,20,3,2018
21/03/2018,31,23,31,21,3,2018
22/03/2018,30,23,30,22,3,2018
23/03/2018,31,23,31,23,3,2018
24/03/2018,31,23,31,24,3,2018
25/03/2018,35,26,35,25,3,2018
26/03/2018,36,26,36,26,3,2018
27/03/2018,34,26,34,27,3,2018
28/03/2018,38,25,38,28,3,2018
29/03/2018,31,25,31,29,3,2018
30/03/2018,34,24,34,30,3,2018
31/03/2018,31,26,31,31,3,2018
01/04/2018,33,24,33,1,4,2018
02/04/2018,33,24,33,2,4,2018
03/04/2018,33,24,33,3,4,2018
04/04/2018,34,23,34,4,4,2018
05/04/2018,33,23,33,5,4,2018
06/04/2018,33,24,33,6,4,2018
07/04/2018,34,24,34,7,4,2018
08/04/2018,34,23,34,8,4,2018
09/04/2018,34,24,34,9,4,2018
10/04/2018,35,26,35,10,4,2018
11/04/2018,37,28,37,11,4,2018
12/04/2018,38,28,38,12,4,2018
13/04/2018,34,27,34,13,4,2018
14/04/2018,35,28,35,14,4,2018
15/04/2018,35,28,35,15,4,2018
16/04/2018,36,27,36,16,4,2018
17/04/2018,35,26,35,17,4,2018
18/04/2018,37,28,37,18,4,2018
19/04/2018,35,28,35,19,4,2018
20/04/2018,36,26,36,20,4,2018
21/04/2018,35,26,35,21,4,2018
22/04/2018,36,25,36,22,4,2018
23/04/2018,36,27,36,23,4,2018
24/04/2018,35,27,35,24,4,2018
25/04/2018,33,27,33,25,4,2018
26/04/2018,34,27,34,26,4,2018
27/04/2018,35,27,35,27,4,2018
28/04/2018,35,27,35,28,4,2018
29/04/2018,35,28,35,29,4,2018
30/04/2018,35,28,35,30,4,2018
01/05/2018,36,28,36,1,5,2018
02/05/2018,36,29,36,2,5,2018
03/05/2018,40,29,40,3,5,2018
04/05/2018,38,30,38,4,5,2018
05/05/2018,35,28,35,5,5,2018
06/05/2018,34,28,34,6,5,2018
07/05/2018,33,28,33,7,5,2018
08/05/2018,34,28,34,8,5,2018
09/05/2018,34,27,34,9,5,2018
10/05/2018,34,27,34,10,5,2018
11/05/2018,35,28,35,11,5,2018
12/05/2018,35,28,35,12,5,2018
13/05/2018,35,28,35,13,5,2018
14/05/2018,36,28,36,14,5,2018
15/05/2018,36,28,36,15,5,2018
16/05/2018,35,28,35,16,5,2018
17/05/2018,39,29,39,17,5,2018
18/05/2018,37,30,37,18,5,2018
19/05/2018,39,30,39,19,5,2018
20/05/2018,40,28,40,20,5,2018
21/05/2018,41,32,41,21,5,2018
22/05/2018,41,32,41,22,5,2018
23/05/2018,40,31,40,23,5,2018
24/05/2018,37,29,37,24,5,2018
25/05/2018,39,30,39,25,5,2018
26/05/2018,38,29,38,26,5,2018
27/05/2018,37,30,37,27,5,2018
28/05/2018,37,29,37,28,5,2018
29/05/2018,42,29,42,29,5,2018
30/05/2018,43,32,43,30,5,2018
31/05/2018,37,30,37,31,5,2018
01/06/2018,35,29,35,1,6,2018
02/06/2018,35,28,35,2,6,2018
03/06/2018,34,28,34,3,6,2018
04/06/2018,34,28,34,4,6,2018
05/06/2018,34,29,34,5,6,2018
06/06/2018,34,29,34,6,6,2018
07/06/2018,34,29,34,7,6,2018
08/06/2018,34,29,34,8,6,2018
09/06/2018,35,29,35,9,6,2018
10/06/2018,37,30,37,10,6,2018
11/06/2018,35,29,35,11,6,2018
12/06/2018,33,30,33,12,6,2018
13/06/2018,34,29,34,13,6,2018
14/06/2018,33,29,33,14,6,2018
15/06/2018,33,29,33,15,6,2018
16/06/2018,33,29,33,16,6,2018
17/06/2018,33,29,33,17,6,2018
18/06/2018,34,29,34,18,6,2018
19/06/2018,36,29,36,19,6,2018
20/06/2018,34,29,34,20,6,2018
21/06/2018,34,28,34,21,6,2018
22/06/2018,34,29,34,22,6,2018
23/06/2018,35,29,35,23,6,2018
24/06/2018,34,29,34,24,6,2018
25/06/2018,34,29,34,25,6,2018
26/06/2018,34,29,34,26,6,2018
27/06/2018,36,29,36,27,6,2018
28/06/2018,36,29,36,28,6,2018
29/06/2018,38,30,38,29,6,2018
30/06/2018,35,31,35,30,6,2018
01/07/2018,34,30,34,1,7,2018
02/07/2018,34,30,34,2,7,2018
03/07/2018,32,30,32,3,7,2018
04/07/2018,31,29,31,4,7,2018
05/07/2018,33,30,33,5,7,2018
06/07/2018,33,29,33,6,7,2018
07/07/2018,33,29,33,7,7,2018
08/07/2018,33,29,33,8,7,2018
09/07/2018,32,29,32,9,7,2018
10/07/2018,31,29,31,10,7,2018
11/07/2018,32,29,32,11,7,2018
12/07/2018,31,29,31,12,7,2018
13/07/2018,31,29,31,13,7,2018
14/07/2018,33,29,33,14,7,2018
15/07/2018,33,28,33,15,7,2018
16/07/2018,32,28,32,16,7,2018
17/07/2018,33,28,33,17,7,2018
18/07/2018,30,28,30,18,7,2018
19/07/2018,33,28,33,19,7,2018
20/07/2018,32,28,32,20,7,2018
21/07/2018,32,28,32,21,7,2018
22/07/2018,31,27,31,22,7,2018
23/07/2018,31,28,31,23,7,2018
24/07/2018,30,27,30,24,7,2018
25/07/2018,29,27,29,25,7,2018
26/07/2018,30,27,30,26,7,2018
27/07/2018,31,27,31,27,7,2018
28/07/2018,31,27,31,28,7,2018
29/07/2018,31,27,31,29,7,2018
30/07/2018,32,27,32,30,7,2018
31/07/2018,30,27,30,31,7,2018
01/08/2018,30,27,30,1,8,2018
02/08/2018,30,27,30,2,8,2018
03/08/2018,30,27,30,3,8,2018
04/08/2018,29,27,29,4,8,2018
05/08/2018,29,27,29,5,8,2018
06/08/2018,30,26,30,6,8,2018
07/08/2018,31,27,31,7,8,2018
08/08/2018,31,27,31,8,8,2018
09/08/2018,30,27,30,9,8,2018
10/08/2018,31,27,31,10,8,2018
11/08/2018,31,27,31,11,8,2018
12/08/2018,30,27,30,12,8,2018
13/08/2018,30,27,30,13,8,2018
14/08/2018,31,27,31,14,8,2018
15/08/2018,31,27,31,15,8,2018
16/08/2018,31,27,31,16,8,2018
17/08/2018,32,27,32,17,8,2018
18/08/2018,30,27,30,18,8,2018
19/08/2018,31,27,31,19,8,2018
20/08/2018,31,27,31,20,8,2018
21/08/2018,31,27,31,21,8,2018
22/08/2018,31,27,31,22,8,2018
23/08/2018,29,27,29,23,8,2018
24/08/2018,30,27,30,24,8,2018
25/08/2018,28,26,28,25,8,2018
26/08/2018,29,26,29,26,8,2018
27/08/2018,29,25,29,27,8,2018
28/08/2018,29,25,29,28,8,2018
29/08/2018,30,26,30,29,8,2018
30/08/2018,29,26,29,30,8,2018
31/08/2018,28,26,28,31,8,2018
01/09/2018,28,26,28,1,9,2018
02/09/2018,28,25,28,2,9,2018
03/09/2018,29,25,29,3,9,2018
04/09/2018,28,25,28,4,9,2018
05/09/2018,28,25,28,5,9,2018
06/09/2018,29,25,29,6,9,2018
07/09/2018,29,25,29,7,9,2018
08/09/2018,30,25,30,8,9,2018
09/09/2018,31,26,31,9,9,2018
10/09/2018,30,26,30,10,9,2018
11/09/2018,29,26,29,11,9,2018
12/09/2018,29,26,29,12,9,2018
13/09/2018,29,26,29,13,9,2018
14/09/2018,28,26,28,14,9,2018
15/09/2018,29,26,29,15,9,2018
16/09/2018,28,25,28,16,9,2018
17/09/2018,29,25,29,17,9,2018
18/09/2018,30,26,30,18,9,2018
19/09/2018,30,26,30,19,9,2018
20/09/2018,30,25,30,20,9,2018
21/09/2018,31,25,31,21,9,2018
22/09/2018,35,26,35,22,9,2018
23/09/2018,34,27,34,23,9,2018
24/09/2018,32,27,32,24,9,2018
25/09/2018,31,26,31,25,9,2018
26/09/2018,31,26,31,26,9,2018
27/09/2018,31,26,31,27,9,2018
28/09/2018,31,27,31,28,9,2018
29/09/2018,31,26,31,29,9,2018
30/09/2018,34,26,34,30,9,2018
01/10/2018,33,27,33,1,10,2018
02/10/2018,33,26,33,2,10,2018
03/10/2018,34,26,34,3,10,2018
04/10/2018,33,27,33,4,10,2018
05/10/2018,34,30,34,5,10,2018
06/10/2018,36,28,36,6,10,2018
07/10/2018,36,30,36,7,10,2018
08/10/2018,35,30,35,8,10,2018
09/10/2018,36,30,36,9,10,2018
10/10/2018,35,31,35,10,10,2018
11/10/2018,38,31,38,11,10,2018
12/10/2018,37,30,37,12,10,2018
13/10/2018,36,31,36,13,10,2018
14/10/2018,33,29,33,14,10,2018
15/10/2018,36,28,36,15,10,2018
16/10/2018,34,29,34,16,10,2018
17/10/2018,35,27,35,17,10,2018
18/10/2018,35,27,35,18,10,2018
19/10/2018,38,27,38,19,10,2018
20/10/2018,36,29,36,20,10,2018
21/10/2018,36,30,36,21,10,2018
22/10/2018,35,30,35,22,10,2018
23/10/2018,32,27,32,23,10,2018
24/10/2018,32,27,32,24,10,2018
25/10/2018,32,27,32,25,10,2018
26/10/2018,34,28,34,26,10,2018
27/10/2018,35,28,35,27,10,2018
28/10/2018,35,29,35,28,10,2018
29/10/2018,35,28,35,29,10,2018
30/10/2018,35,29,35,30,10,2018
31/10/2018,35,28,35,31,10,2018
01/11/2018,35,28,35,1,11,2018
02/11/2018,35,30,35,2,11,2018
03/11/2018,37,29,37,3,11,2018
04/11/2018,33,28,33,4,11,2018
05/11/2018,36,27,36,5,11,2018
06/11/2018,36,28,36,6,11,2018
07/11/2018,33,29,33,7,11,2018
08/11/2018,32,27,32,8,11,2018
09/11/2018,32,27,32,9,11,2018
10/11/2018,32,26,32,10,11,2018
11/11/2018,32,28,32,11,11,2018
12/11/2018,30,28,30,12,11,2018
13/11/2018,31,27,31,13,11,2018
14/11/2018,35,28,35,14,11,2018
15/11/2018,36,28,36,15,11,2018
16/11/2018,33,29,33,16,11,2018
17/11/2018,34,27,34,17,11,2018
18/11/2018,33,26,33,18,11,2018
19/11/2018,36,28,36,19,11,2018
20/11/2018,34,28,34,20,11,2018
21/11/2018,36,27,36,21,11,2018
22/11/2018,34,28,34,22,11,2018
23/11/2018,34,28,34,23,11,2018
24/11/2018,34,26,34,24,11,2018
25/11/2018,31,25,31,25,11,2018
26/11/2018,31,25,31,26,11,2018
27/11/2018,31,26,31,27,11,2018
28/11/2018,35,26,35,28,11,2018
29/11/2018,34,26,34,29,11,2018
30/11/2018,35,25,35,30,11,2018
01/12/2018,31,27,31,1,12,2018
02/12/2018,29,26,29,2,12,2018
03/12/2018,31,24,31,3,12,2018
04/12/2018,33,25,33,4,12,2018
05/12/2018,30,25,30,5,12,2018
06/12/2018,28,23,28,6,12,2018
07/12/2018,30,24,30,7,12,2018
08/12/2018,28,26,28,8,12,2018
09/12/2018,28,24,28,9,12,2018
10/12/2018,30,25,30,10,12,2018
11/12/2018,30,24,30,11,12,2018
12/12/2018,28,21,28,12,12,2018
13/12/2018,27,20,27,13,12,2018
14/12/2018,25,21,25,14,12,2018
15/12/2018,24,18,24,15,12,2018
16/12/2018,24,18,24,16,12,2018
17/12/2018,25,18,25,17,12,2018
18/12/2018,29,20,29,18,12,2018
19/12/2018,26,21,26,19,12,2018
20/12/2018,30,22,30,20,12,2018
21/12/2018,31,22,31,21,12,2018
22/12/2018,29,22,29,22,12,2018
23/12/2018,30,21,30,23,12,2018
24/12/2018,30,20,30,24,12,2018
25/12/2018,26,20,26,25,12,2018
26/12/2018,27,22,27,26,12,2018
27/12/2018,29,22,29,27,12,2018
28/12/2018,26,21,26,28,12,2018
29/12/2018,27,22,27,29,12,2018
30/12/2018,29,22,29,30,12,2018
31/12/2018,30,22,30,31,12,2018
01/01/2019,27,23,27,1,1,2019
02/01/2019,34,23,34,2,1,2019
03/01/2019,29,22,29,3,1,2019
04/01/2019,26,21,26,4,1,2019
05/01/2019,29,22,29,5,1,2019
06/01/2019,25,21,25,6,1,2019
07/01/2019,26,19,26,7,1,2019
08/01/2019,28,21,28,8,1,2019
09/01/2019,28,22,28,9,1,2019
10/01/2019,25,22,25,10,1,2019
11/01/2019,28,22,28,11,1,2019
12/01/2019,27,21,27,12,1,2019
13/01/2019,28,21,28,13,1,2019
14/01/2019,24,18,24,14,1,2019
15/01/2019,26,20,26,15,1,2019
16/01/2019,27,21,27,16,1,2019
17/01/2019,29,23,29,17,1,2019
18/01/2019,32,23,32,18,1,2019
19/01/2019,30,23,30,19,1,2019
20/01/2019,26,23,26,20,1,2019
21/01/2019,24,24,24,21,1,2019
22/01/2019,24,19,24,22,1,2019
23/01/2019,29,20,29,23,1,2019
24/01/2019,26,19,26,24,1,2019
25/01/2019,26,19,26,25,1,2019
26/01/2019,25,21,25,26,1,2019
27/01/2019,26,18,26,27,1,2019
28/01/2019,28,20,28,28,1,2019
29/01/2019,27,20,27,29,1,2019
30/01/2019,24,21,24,30,1,2019
31/01/2019,28,18,28,31,1,2019
01/02/2019,25,18,25,1,2,2019
02/02/2019,25,17,25,2,2,2019
03/02/2019,25,19,25,3,2,2019
04/02/2019,27,19,27,4,2,2019
05/02/2019,26,21,26,5,2,2019
06/02/2019,24,20,24,6,2,2019
07/02/2019,22,16,22,7,2,2019
08/02/2019,26,17,26,8,2,2019
09/02/2019,24,17,24,9,2,2019
10/02/2019,28,20,28,10,2,2019
11/02/2019,28,20,28,11,2,2019
12/02/2019,28,21,28,12,2,2019
13/02/2019,29,22,29,13,2,2019
14/02/2019,27,21,27,14,2,2019
15/02/2019,32,22,32,15,2,2019
16/02/2019,30,23,30,16,2,2019
17/02/2019,27,21,27,17,2,2019
18/02/2019,25,21,25,18,2,2019
19/02/2019,26,22,26,19,2,2019
20/02/2019,25,22,25,20,2,2019
21/02/2019,27,22,27,21,2,2019
22/02/2019,27,21,27,22,2,2019
23/02/2019,28,22,28,23,2,2019
24/02/2019,29,21,29,24,2,2019
25/02/2019,27,22,27,25,2,2019
26/02/2019,27,22,27,26,2,2019
27/02/2019,27,20,27,27,2,2019
28/02/2019,26,21,26,28,2,2019
